text_id,author,quadrant,work,genre,style
atabekian_01,atabekian,Q1,Возможна ли анархическая социальная революция,статья,анархистская политическая публицистика
atabekian_02,atabekian,Q1,Децентрализация собственности,статья,анархистская политическая публицистика
atabekian_03,atabekian,Q1,Кооперация и анархизм,статья,анархистская политическая публицистика
atabekian_04,atabekian,Q1,Налоги,статья,анархистская политическая публицистика
atabekian_05,atabekian,Q1,Право и власть,статья,анархистская политическая публицистика
atabekian_06,atabekian,Q1,Старое и новое в анархизме,статья,анархистская политическая публицистика
bakunin_01,bakunin,Q1,Бог и государство,трактат,анархистская философская публицистика
bakunin_02,bakunin,Q1,Государственность и анархия,трактат,анархистская политическая теория
bakunin_03,bakunin,Q1,Федерализм социализм и антитеологизм,трактат,анархистская политическая теория

bukharin_01,bukharin,Q2,Экономика переходного периода,трактат,марксистская экономическая теория
bukharin_02,bukharin,Q2,Политическая экономия рантье,статья,марксистская экономическая теория
bukharin_03,bukharin,Q2,Азбука коммунизма,учебник,марксистская политическая и экономическая теория

chicherin_01,chicherin,Q4,Собственность и государство Право,трактат,либеральная философия права
chicherin_02,chicherin,Q4,Собственность и государство Промышленность,трактат,либеральная философия права

ilyin_01,ilyin,Q3,О сопротивлении злу силою,трактат,консервативная философия права и государства
ilyin_02,ilyin,Q3,О сущности правосознания,трактат,консервативная философия права

kropotkin_01,kropotkin,Q1,Политические права,статья,анархистская политическая публицистика
kropotkin_02,kropotkin,Q1,Речи бунтовщика,сборник статей,анархистская политическая публицистика
kropotkin_03,kropotkin,Q1,Хлеб и воля,трактат,анархистская социальная теория

lenin_01,lenin,Q2,Государство и революция,трактат,марксистская политическая теория
lenin_02,lenin,Q2,Империализм как высшая стадия капитализма,трактат,марксистская политэкономия
lenin_03,lenin,Q2,Что делать,трактат,марксистская политическая публицистика
lenin_04,lenin,Q2,Развитие капитализма в России,трактат,марксистская политэкономия

novgorodtsev_01,novgorodtsev,Q4,Об общественном идеале,трактат,либеральная философия права
novgorodtsev_02,novgorodtsev,Q4,Учение Канта о праве и государстве,философский трактат,либеральная философия права

pobedonostsev_01,pobedonostsev,Q3,Московский сборник,сборник статей,консервативная политическая публицистика

stalin_01,stalin,Q2,Марксизм и национальный вопрос,статья,марксистская политическая теория
stalin_02,stalin,Q2,Об основах ленинизма,лекции,марксистская политическая теория
stalin_03,stalin,Q2,Экономические проблемы социализма в СССР,трактат,марксистская экономическая теория

struve_01,struve,Q4,В чём революция и контр-революция,статья,либеральная политическая публицистика
struve_02,struve,Q4,Великая Россия и Святая Русь,статья,либерально-консервативная политическая публицистика
struve_03,struve,Q4,Еще о национальном начале в либерализме,статья,либеральная политическая публицистика
struve_04,struve,Q4,К украинскому вопросу,статья,либеральная политическая публицистика
struve_05,struve,Q4,Национальное начало в либерализме,статья,либеральная политическая публицистика
struve_06,struve,Q4,Несколько слов по украинскому вопросу,статья,либеральная политическая публицистика
struve_07,struve,Q4,Чему война учит и к чему она обязывает,статья,политическая публицистика
struve_08,struve,Q4,Что же такое Россия,статья,либеральная политическая публицистика

tikhomirov_01,tikhomirov,Q3,Монархическая государственность,трактат,монархическая политическая теория
tikhomirov_02,tikhomirov,Q3,Статьи,сборник статей,консервативная политическая публицистика

testone_01,test,Q1,testone,-,-