avg_sentence_len_chars,avg_word_len,punct_count,total_chars,total_letters,total_words,total_sentences,unique_words,ttr,avg_sent_len_words,capital_ratio,digit_count,file,author
192,6.636363636363637,276,11966,10138,1529,62,943,0.6167429692609548,24.661290322580644,0.0072992700729927005,2,atabekian\Возможна ли анархическая социальная революция.txt,atabekian
176.36,7.114446529080675,102,4434,3790,533,25,392,0.7354596622889306,21.32,0.00712401055408971,0,atabekian\Децентрализация собственности.txt,atabekian
189.23728813559322,7.099112426035503,260,11224,9593,1352,59,833,0.6161242603550295,22.915254237288135,0.008547899510059418,0,atabekian\Кооперация и анархизм.txt,atabekian
138.57894736842104,6.58321060382916,149,5304,4465,679,38,468,0.6892488954344624,17.86842105263158,0.010078387458006719,0,atabekian\Налоги.txt,atabekian
148.77477477477478,6.28003613369467,499,16625,13892,2214,109,1302,0.5880758807588076,20.28440366972477,0.010221710336884538,1,atabekian\Право и власть.txt,atabekian
180.31623931623932,6.515976761074801,475,21214,17936,2754,117,1528,0.5548293391430646,23.53846153846154,0.009812667261373774,7,atabekian\Старое и новое в анархизме.txt,atabekian
169.95632393084622,6.0150587329096865,5531,187881,156092,25965,1096,7245,0.27902946273830154,23.687956204379564,0.010961484252876508,13,bakunin\Бог и государство.txt,bakunin
162.29717314487633,5.876397944312342,12578,462131,382616,65185,2749,16856,0.2585870982588019,23.683521280465623,0.0141630250695214,1156,bakunin\Государственность и анархия.txt,bakunin
196.1881028938907,6.084827011254689,7062,245302,204221,33586,1201,8966,0.2669564699577205,27.92922564529559,0.008118655769974684,75,bakunin\Федерализм социализм и антитеологизм.txt,bakunin
125.0179856115108,6.262581226580657,8182,315297,263788,42166,2415,10866,0.2576957738462268,17.427329192546583,0.011751861343199842,806,bukharin\Азбука коммунизма.txt,bukharin
149.7982300884956,6.41896785875962,6105,170402,141559,22090,1039,6043,0.2735626980534178,21.176130895091433,0.011097846127762982,268,bukharin\Политическая экономия рантье.txt,bukharin
135.1011235955056,6.8526011560693645,986,36339,30803,4498,264,2039,0.4533125833703868,17.026515151515152,0.008830308736162062,0,bukharin\Экономика переходного периода.txt,bukharin
134.71034855444475,6.089360960158089,13833,502264,418898,68822,3681,12115,0.17603382639272325,18.69437652811736,0.010623111115355051,217,chicherin\Собственность и государство Право.txt,chicherin
141.38395805010683,6.192202131094608,18335,733135,613469,99104,5125,15500,0.15640135615111397,19.33580487804878,0.009868469311407748,1280,chicherin\Собственность и государство Промышленность.txt,chicherin
196.64669421487602,5.823034694367942,12482,382644,314674,54101,1885,12297,0.22729709247518531,28.6737400530504,0.008090913135498961,837,ilyin\О сопротивлении злу силою.txt,ilyin
190.8404255319149,6.260165975103734,531,18033,15077,2410,89,1230,0.5103734439834025,27.02247191011236,0.005571400145917623,0,ilyin\О сущности правосознания.txt,ilyin
115.27710843373494,5.60042583392477,332,9651,7884,1409,79,775,0.5500354861603974,17.772151898734176,0.012430238457635717,4,kropotkin\Политические права.txt,kropotkin
144.62223710649698,5.967224268976733,13232,434828,359217,60258,2952,15760,0.261542035912244,20.40108401084011,0.011424849046676521,658,kropotkin\Речи бунтовщика.txt,kropotkin
166.905568096313,5.758502335203586,13275,446293,367065,63806,2628,14422,0.22602890010343854,24.267884322678842,0.00958413360031602,1018,kropotkin\Хлеб и воля.txt,kropotkin
161.4272076372315,6.453699129840027,7169,204171,169639,26317,1196,7464,0.2836189535281377,21.955685618729095,0.011966587871892666,642,lenin\Государство и революция.txt,lenin
141.63882783882784,6.37239210065297,6761,194702,159889,25116,1231,7507,0.2988931358496576,20.290820471161656,0.012821394842672104,1896,lenin\Империализм как высшая стадия капитализма.txt,lenin
120.43683409436834,6.381927886720841,5953,159568,131024,20551,1183,6210,0.3021750766386064,17.2603550295858,0.01195200879228233,1340,lenin\Развитие капитализма в России.txt,lenin
158.29949748743718,6.137571468741213,11833,317006,261369,42676,1896,10678,0.25021089136751334,22.462025316455698,0.010272832661868852,475,lenin\Что делать.txt,lenin
168.4017223910841,6.294271037346256,16362,668798,562167,89353,3946,16706,0.1869663021946661,22.64343639128231,0.010347459029078548,419,novgorodtsev\Об общественном идеале.txt,novgorodtsev
134.6849557522124,6.09443283298499,1950,76662,64130,10526,561,3557,0.33792513775413263,18.75579322638146,0.01263059410572275,0,novgorodtsev\Учение Канта о праве и государстве.txt,novgorodtsev
163.54961268904464,5.824694472916502,12579,446094,369152,63415,2679,14710,0.231964046361271,23.65920119447555,0.009031510055478502,233,pobedonostsev\Московский сборник.txt,pobedonostsev
107.92435233160622,6.260041675648488,3358,105112,86895,13917,954,4316,0.3101243083997988,14.579664570230609,0.015835203406410037,113,stalin\Марксизм и национальный вопрос.txt,stalin
168.3108856088561,6.401516413931011,4763,183533,153522,24004,1082,6369,0.2653307782036327,22.182994454713494,0.011346907935019085,235,stalin\Об основах ленинизма.txt,stalin
156.98333333333332,6.362502494512073,1840,75832,63721,10022,479,3007,0.300039912193175,20.920668058455114,0.011440498422811946,30,stalin\Экономические проблемы социализма в СССР.txt,stalin
175.81132075471697,6.190966719492868,246,9371,7797,1262,53,734,0.5816164817749604,23.81132075471698,0.009619084263178146,51,struve\В чём революция и контр-революция.txt,struve
119.57317073170732,6.060939794419971,246,9887,8238,1362,82,766,0.5624082232011748,16.609756097560975,0.021607186210245204,18,struve\Великая Россия и Святая Русь.txt,struve
121.9,6,372,11061,9133,1526,79,870,0.5701179554390564,19.164556962025316,0.01697142231468302,18,struve\Еще о национальном начале в либерализме.txt,struve
164.46341463414635,6.34304932735426,222,6784,5650,892,37,574,0.6434977578475336,24,0.011504424778761062,9,struve\К украинскому вопросу.txt,struve
113.22222222222223,6.620865139949109,84,3084,2601,393,26,273,0.6946564885496184,15.076923076923077,0.015763168012302962,4,struve\Национальное начало в либерализме.txt,struve
154.8695652173913,6.203319502074689,96,3585,2984,482,19,343,0.7116182572614108,25.157894736842106,0.014745308310991957,2,struve\Несколько слов по украинскому вопросу.txt,struve
97.04878048780488,5.090202177293935,108,4020,3268,643,41,394,0.6127527216174183,15.682926829268293,0.01988984088127295,0,struve\Чему война учит и к чему она обязывает.txt,struve
144.21052631578948,5.824185248713551,219,8277,6784,1166,55,649,0.5566037735849056,21.163636363636364,0.01474056603773585,2,struve\Что же такое Россия.txt,struve
140.9559967802522,6.336973256543309,13925,529070,444214,70148,3689,14350,0.20456748588698181,19.01165627541339,0.011471948205144368,366,tikhomirov\Монархическая государственность.txt,tikhomirov
136.0441717791411,5.944922879177378,3484,111691,92409,15560,800,5457,0.350706940874036,19.4375,0.014035429449512494,53,tikhomirov\Статьи.txt,tikhomirov
