text_id,author,filename,line_count,nonempty_line_count,sentence_count,word_count,char_count
atabekian_01,atabekian,Возможна ли анархическая социальная революция.txt,33,33,62,1531,11966
atabekian_02,atabekian,Децентрализация собственности.txt,21,21,25,533,4434
atabekian_03,atabekian,Кооперация и анархизм.txt,30,30,59,1352,11224
atabekian_04,atabekian,Налоги.txt,23,23,38,679,5304
atabekian_05,atabekian,Право и власть.txt,36,36,111,2213,16625
atabekian_06,atabekian,Старое и новое в анархизме.txt,70,70,117,2756,21214
bakunin_01,bakunin,Бог и государство.txt,259,259,1099,25971,187881
bakunin_02,bakunin,Государственность и анархия.txt,799,799,2830,65498,462131
bakunin_03,bakunin,Федерализм социализм и антитеологизм.txt,294,294,1244,33617,245302
bukharin_03,bukharin,Азбука коммунизма.txt,542,542,2502,42458,315297
bukharin_02,bukharin,Политическая экономия рантье.txt,191,191,1130,22221,170402
bukharin_01,bukharin,Экономика переходного периода.txt,62,62,267,4498,36339
chicherin_01,chicherin,Собственность и государство Право.txt,447,447,3701,68914,502264
chicherin_02,chicherin,Собственность и государство Промышленность.txt,659,659,5149,99526,733135
ilyin_01,ilyin,О сопротивлении злу силою.txt,392,392,1936,54260,382644
ilyin_02,ilyin,О сущности правосознания.txt,18,18,94,2410,18033
kropotkin_01,kropotkin,Политические права.txt,23,23,83,1410,9651
kropotkin_02,kropotkin,Речи бунтовщика.txt,433,433,2986,60440,434828
kropotkin_03,kropotkin,Хлеб и воля.txt,900,900,2658,64100,446293
lenin_01,lenin,Государство и революция.txt,449,449,1257,26465,204171
lenin_02,lenin,Империализм как высшая стадия капитализма.txt,283,283,1365,25864,194702
lenin_04,lenin,Развитие капитализма в России.txt,126,126,1314,20987,159568
lenin_03,lenin,Что делать.txt,240,240,1990,42870,317006
novgorodtsev_01,novgorodtsev,Об общественном идеале.txt,460,460,3948,89440,668798
novgorodtsev_02,novgorodtsev,Учение Канта о праве и государстве.txt,66,66,565,10513,76662
pobedonostsev_01,pobedonostsev,Московский сборник.txt,418,418,2711,63491,446094
stalin_01,stalin,Марксизм и национальный вопрос.txt,382,382,965,13951,105112
stalin_02,stalin,Об основах ленинизма.txt,467,467,1084,24088,183533
stalin_03,stalin,Экономические проблемы социализма в СССР.txt,166,166,480,10039,75832
struve_01,struve,В чём революция и контр-революция.txt,12,12,53,1276,9371
struve_02,struve,Великая Россия и Святая Русь.txt,23,23,82,1367,9887
struve_03,struve,Еще о национальном начале в либерализме.txt,26,26,90,1528,11061
struve_04,struve,К украинскому вопросу.txt,8,8,41,896,6784
struve_05,struve,Национальное начало в либерализме.txt,16,16,27,394,3084
struve_06,struve,Несколько слов по украинскому вопросу.txt,4,4,23,483,3585
struve_07,struve,Чему война учит и к чему она обязывает.txt,17,17,41,643,4020
struve_08,struve,Что же такое Россия.txt,16,16,57,1167,8277
tikhomirov_01,tikhomirov,Монархическая государственность.txt,1276,1276,3727,70332,529070
tikhomirov_02,tikhomirov,Статьи.txt,235,235,815,15583,111691
