segment_id,text_id,segment_number,segment_count,author,filename,line_count,nonempty_line_count,sentence_count,word_count,char_count,quadrant,work,genre,style,split
atabekian_01_01,atabekian_01,1,1,atabekian,Возможна ли анархическая социальная революция_01.txt,33,33,63,1540,11966,Q1,Возможна ли анархическая социальная революция,статья,анархистская политическая публицистика,train
atabekian_03_01,atabekian_03,1,1,atabekian,Кооперация и анархизм_01.txt,30,30,59,1357,11224,Q1,Кооперация и анархизм,статья,анархистская политическая публицистика,test
atabekian_04_01,atabekian_04,1,1,atabekian,Налоги_01.txt,23,23,41,684,5304,Q1,Налоги,статья,анархистская политическая публицистика,train
atabekian_05_01,atabekian_05,1,1,atabekian,Право и власть_01.txt,36,36,119,2225,16625,Q1,Право и власть,статья,анархистская политическая публицистика,train
atabekian_06_01,atabekian_06,1,1,atabekian,Старое и новое в анархизме_01.txt,70,70,116,2765,21214,Q1,Старое и новое в анархизме,статья,анархистская политическая публицистика,train
bakunin_01_01,bakunin_01,1,5,bakunin,Бог и государство_01.txt,66,66,203,5068,36537,Q1,Бог и государство,трактат,анархистская философская публицистика,train
bakunin_01_02,bakunin_01,2,5,bakunin,Бог и государство_02.txt,51,51,248,5228,37931,Q1,Бог и государство,трактат,анархистская философская публицистика,train
bakunin_01_03,bakunin_01,3,5,bakunin,Бог и государство_03.txt,46,46,214,5121,36833,Q1,Бог и государство,трактат,анархистская философская публицистика,train
bakunin_01_04,bakunin_01,4,5,bakunin,Бог и государство_04.txt,41,41,214,5003,36679,Q1,Бог и государство,трактат,анархистская философская публицистика,train
bakunin_01_05,bakunin_01,5,5,bakunin,Бог и государство_05.txt,55,55,225,5640,39901,Q1,Бог и государство,трактат,анархистская философская публицистика,train
bakunin_02_01,bakunin_02,1,13,bakunin,Государственность и анархия_01.txt,50,50,170,5164,36878,Q1,Государственность и анархия,трактат,анархистская политическая теория,test
bakunin_02_02,bakunin_02,2,13,bakunin,Государственность и анархия_02.txt,58,58,189,5001,36018,Q1,Государственность и анархия,трактат,анархистская политическая теория,test
bakunin_02_03,bakunin_02,3,13,bakunin,Государственность и анархия_03.txt,68,68,227,5046,36134,Q1,Государственность и анархия,трактат,анархистская политическая теория,test
bakunin_02_04,bakunin_02,4,13,bakunin,Государственность и анархия_04.txt,66,66,197,5047,35200,Q1,Государственность и анархия,трактат,анархистская политическая теория,test
bakunin_02_05,bakunin_02,5,13,bakunin,Государственность и анархия_05.txt,61,61,243,5101,34949,Q1,Государственность и анархия,трактат,анархистская политическая теория,test
bakunin_02_06,bakunin_02,6,13,bakunin,Государственность и анархия_06.txt,57,57,205,5036,33736,Q1,Государственность и анархия,трактат,анархистская политическая теория,test
bakunin_02_07,bakunin_02,7,13,bakunin,Государственность и анархия_07.txt,56,56,200,5081,34537,Q1,Государственность и анархия,трактат,анархистская политическая теория,test
bakunin_02_08,bakunin_02,8,13,bakunin,Государственность и анархия_08.txt,53,53,225,5094,35530,Q1,Государственность и анархия,трактат,анархистская политическая теория,test
bakunin_02_09,bakunin_02,9,13,bakunin,Государственность и анархия_09.txt,63,63,247,5050,35785,Q1,Государственность и анархия,трактат,анархистская политическая теория,test
bakunin_02_10,bakunin_02,10,13,bakunin,Государственность и анархия_10.txt,58,58,238,5146,35778,Q1,Государственность и анархия,трактат,анархистская политическая теория,test
bakunin_02_11,bakunin_02,11,13,bakunin,Государственность и анархия_11.txt,69,69,235,5067,35860,Q1,Государственность и анархия,трактат,анархистская политическая теория,test
bakunin_02_12,bakunin_02,12,13,bakunin,Государственность и анархия_12.txt,66,66,268,5012,35731,Q1,Государственность и анархия,трактат,анархистская политическая теория,test
bakunin_02_13,bakunin_02,13,13,bakunin,Государственность и анархия_13.txt,74,74,257,5090,35995,Q1,Государственность и анархия,трактат,анархистская политическая теория,test
bakunin_03_01,bakunin_03,1,7,bakunin,Федерализм социализм и антитеологизм_01.txt,61,61,178,5024,36794,Q1,Федерализм социализм и антитеологизм,трактат,анархистская политическая теория,train
bakunin_03_02,bakunin_03,2,7,bakunin,Федерализм социализм и антитеологизм_02.txt,51,51,177,5005,36332,Q1,Федерализм социализм и антитеологизм,трактат,анархистская политическая теория,train
bakunin_03_03,bakunin_03,3,7,bakunin,Федерализм социализм и антитеологизм_03.txt,44,44,181,5010,36176,Q1,Федерализм социализм и антитеологизм,трактат,анархистская политическая теория,train
bakunin_03_04,bakunin_03,4,7,bakunin,Федерализм социализм и антитеологизм_04.txt,30,30,193,5186,37406,Q1,Федерализм социализм и антитеологизм,трактат,анархистская политическая теория,train
bakunin_03_05,bakunin_03,5,7,bakunin,Федерализм социализм и антитеологизм_05.txt,40,40,201,5350,38981,Q1,Федерализм социализм и антитеологизм,трактат,анархистская политическая теория,train
bakunin_03_06,bakunin_03,6,7,bakunin,Федерализм социализм и антитеологизм_06.txt,40,40,206,5127,37202,Q1,Федерализм социализм и антитеологизм,трактат,анархистская политическая теория,train
bakunin_03_07,bakunin_03,7,7,bakunin,Федерализм социализм и антитеологизм_07.txt,28,28,93,3059,22411,Q1,Федерализм социализм и антитеологизм,трактат,анархистская политическая теория,train
kropotkin_01_01,kropotkin_01,1,1,kropotkin,Политические права_01.txt,23,23,90,1417,9651,Q1,Политические права,статья,анархистская политическая публицистика,test
kropotkin_02_01,kropotkin_02,1,12,kropotkin,Речи бунтовщика_01.txt,66,66,280,5203,36614,Q1,Речи бунтовщика,сборник статей,анархистская политическая публицистика,train
kropotkin_02_02,kropotkin_02,2,12,kropotkin,Речи бунтовщика_02.txt,68,68,238,5014,33911,Q1,Речи бунтовщика,сборник статей,анархистская политическая публицистика,train
kropotkin_02_03,kropotkin_02,3,12,kropotkin,Речи бунтовщика_03.txt,69,69,233,5128,34733,Q1,Речи бунтовщика,сборник статей,анархистская политическая публицистика,train
kropotkin_02_04,kropotkin_02,4,12,kropotkin,Речи бунтовщика_04.txt,53,53,246,5044,34541,Q1,Речи бунтовщика,сборник статей,анархистская политическая публицистика,train
kropotkin_02_05,kropotkin_02,5,12,kropotkin,Речи бунтовщика_05.txt,55,55,258,5022,36176,Q1,Речи бунтовщика,сборник статей,анархистская политическая публицистика,train
kropotkin_02_06,kropotkin_02,6,12,kropotkin,Речи бунтовщика_06.txt,22,22,323,5279,38432,Q1,Речи бунтовщика,сборник статей,анархистская политическая публицистика,train
kropotkin_02_07,kropotkin_02,7,12,kropotkin,Речи бунтовщика_07.txt,19,19,311,5325,39292,Q1,Речи бунтовщика,сборник статей,анархистская политическая публицистика,train
kropotkin_02_08,kropotkin_02,8,12,kropotkin,Речи бунтовщика_08.txt,16,16,264,5102,37410,Q1,Речи бунтовщика,сборник статей,анархистская политическая публицистика,train
kropotkin_02_09,kropotkin_02,9,12,kropotkin,Речи бунтовщика_09.txt,16,16,233,5049,37314,Q1,Речи бунтовщика,сборник статей,анархистская политическая публицистика,train
kropotkin_02_10,kropotkin_02,10,12,kropotkin,Речи бунтовщика_10.txt,21,21,260,5396,39609,Q1,Речи бунтовщика,сборник статей,анархистская политическая публицистика,train
kropotkin_02_11,kropotkin_02,11,12,kropotkin,Речи бунтовщика_11.txt,16,16,245,5017,36200,Q1,Речи бунтовщика,сборник статей,анархистская политическая публицистика,train
kropotkin_02_12,kropotkin_02,12,12,kropotkin,Речи бунтовщика_12.txt,12,12,210,4239,30596,Q1,Речи бунтовщика,сборник статей,анархистская политическая публицистика,train
kropotkin_03_01,kropotkin_03,1,13,kropotkin,Хлеб и воля_01.txt,75,75,216,5028,35205,Q1,Хлеб и воля,трактат,анархистская социальная теория,train
kropotkin_03_02,kropotkin_03,2,13,kropotkin,Хлеб и воля_02.txt,76,76,193,5024,35541,Q1,Хлеб и воля,трактат,анархистская социальная теория,train
kropotkin_03_03,kropotkin_03,3,13,kropotkin,Хлеб и воля_03.txt,77,77,247,5144,34816,Q1,Хлеб и воля,трактат,анархистская социальная теория,train
kropotkin_03_04,kropotkin_03,4,13,kropotkin,Хлеб и воля_04.txt,78,78,208,5024,34261,Q1,Хлеб и воля,трактат,анархистская социальная теория,train
kropotkin_03_05,kropotkin_03,5,13,kropotkin,Хлеб и воля_05.txt,83,83,243,5061,35797,Q1,Хлеб и воля,трактат,анархистская социальная теория,train
kropotkin_03_06,kropotkin_03,6,13,kropotkin,Хлеб и воля_06.txt,67,67,194,5015,34893,Q1,Хлеб и воля,трактат,анархистская социальная теория,train
kropotkin_03_07,kropotkin_03,7,13,kropotkin,Хлеб и воля_07.txt,67,67,218,5061,34271,Q1,Хлеб и воля,трактат,анархистская социальная теория,train
kropotkin_03_08,kropotkin_03,8,13,kropotkin,Хлеб и воля_08.txt,66,66,221,5041,36016,Q1,Хлеб и воля,трактат,анархистская социальная теория,train
kropotkin_03_09,kropotkin_03,9,13,kropotkin,Хлеб и воля_09.txt,56,56,196,5018,34196,Q1,Хлеб и воля,трактат,анархистская социальная теория,train
kropotkin_03_10,kropotkin_03,10,13,kropotkin,Хлеб и воля_10.txt,71,71,214,5050,34935,Q1,Хлеб и воля,трактат,анархистская социальная теория,train
kropotkin_03_11,kropotkin_03,11,13,kropotkin,Хлеб и воля_11.txt,65,65,231,5056,35376,Q1,Хлеб и воля,трактат,анархистская социальная теория,train
kropotkin_03_12,kropotkin_03,12,13,kropotkin,Хлеб и воля_12.txt,66,66,197,5109,34907,Q1,Хлеб и воля,трактат,анархистская социальная теория,train
kropotkin_03_13,kropotkin_03,13,13,kropotkin,Хлеб и воля_13.txt,53,53,153,3876,26079,Q1,Хлеб и воля,трактат,анархистская социальная теория,train
bukharin_01_01,bukharin_01,1,1,bukharin,Экономика переходного периода_01.txt,53,53,280,4518,36318,Q2,Экономика переходного периода,трактат,марксистская экономическая теория,train
bukharin_02_01,bukharin_02,1,4,bukharin,Политическая экономия рантье_01.txt,36,36,245,5199,40212,Q2,Политическая экономия рантье,статья,марксистская экономическая теория,test
bukharin_02_02,bukharin_02,2,4,bukharin,Политическая экономия рантье_02.txt,45,45,239,5004,38924,Q2,Политическая экономия рантье,статья,марксистская экономическая теория,test
bukharin_02_03,bukharin_02,3,4,bukharin,Политическая экономия рантье_03.txt,53,53,263,5034,37026,Q2,Политическая экономия рантье,статья,марксистская экономическая теория,test
bukharin_02_04,bukharin_02,4,4,bukharin,Политическая экономия рантье_04.txt,57,57,392,7230,54240,Q2,Политическая экономия рантье,статья,марксистская экономическая теория,test
bukharin_03_01,bukharin_03,1,9,bukharin,Азбука коммунизма_01.txt,55,55,329,5000,35760,Q2,Азбука коммунизма,учебник,марксистская политическая и экономическая теория,train
bukharin_03_02,bukharin_03,2,9,bukharin,Азбука коммунизма_02.txt,63,63,330,5001,35344,Q2,Азбука коммунизма,учебник,марксистская политическая и экономическая теория,train
bukharin_03_03,bukharin_03,3,9,bukharin,Азбука коммунизма_03.txt,54,54,257,5002,37539,Q2,Азбука коммунизма,учебник,марксистская политическая и экономическая теория,train
bukharin_03_04,bukharin_03,4,9,bukharin,Азбука коммунизма_04.txt,50,50,283,5029,38500,Q2,Азбука коммунизма,учебник,марксистская политическая и экономическая теория,train
bukharin_03_05,bukharin_03,5,9,bukharin,Азбука коммунизма_05.txt,53,53,319,5050,37045,Q2,Азбука коммунизма,учебник,марксистская политическая и экономическая теория,train
bukharin_03_06,bukharin_03,6,9,bukharin,Азбука коммунизма_06.txt,88,88,348,5022,36481,Q2,Азбука коммунизма,учебник,марксистская политическая и экономическая теория,train
bukharin_03_07,bukharin_03,7,9,bukharin,Азбука коммунизма_07.txt,68,68,280,5014,37967,Q2,Азбука коммунизма,учебник,марксистская политическая и экономическая теория,train
bukharin_03_08,bukharin_03,8,9,bukharin,Азбука коммунизма_08.txt,59,59,309,5003,37250,Q2,Азбука коммунизма,учебник,марксистская политическая и экономическая теория,train
bukharin_03_09,bukharin_03,9,9,bukharin,Азбука коммунизма_09.txt,52,52,181,2628,19411,Q2,Азбука коммунизма,учебник,марксистская политическая и экономическая теория,train
lenin_01_01,lenin_01,1,5,lenin,Государство и революция_01.txt,78,78,275,5074,39288,Q2,Государство и революция,трактат,марксистская политическая теория,train
lenin_01_02,lenin_01,2,5,lenin,Государство и революция_02.txt,78,78,245,5078,39120,Q2,Государство и революция,трактат,марксистская политическая теория,train
lenin_01_03,lenin_01,3,5,lenin,Государство и революция_03.txt,87,87,268,5005,38155,Q2,Государство и революция,трактат,марксистская политическая теория,train
lenin_01_04,lenin_01,4,5,lenin,Государство и революция_04.txt,89,89,244,5065,38518,Q2,Государство и революция,трактат,марксистская политическая теория,train
lenin_01_05,lenin_01,5,5,lenin,Государство и революция_05.txt,117,117,312,6495,49090,Q2,Государство и революция,трактат,марксистская политическая теория,train
lenin_02_01,lenin_02,1,5,lenin,Империализм как высшая стадия капитализма_01.txt,57,57,338,5026,36474,Q2,Империализм как высшая стадия капитализма,трактат,марксистская политэкономия,train
lenin_02_02,lenin_02,2,5,lenin,Империализм как высшая стадия капитализма_02.txt,57,57,260,5050,37946,Q2,Империализм как высшая стадия капитализма,трактат,марксистская политэкономия,train
lenin_02_03,lenin_02,3,5,lenin,Империализм как высшая стадия капитализма_03.txt,54,54,283,5033,37115,Q2,Империализм как высшая стадия капитализма,трактат,марксистская политэкономия,train
lenin_02_04,lenin_02,4,5,lenin,Империализм как высшая стадия капитализма_04.txt,54,54,243,5083,38810,Q2,Империализм как высшая стадия капитализма,трактат,марксистская политэкономия,train
lenin_02_05,lenin_02,5,5,lenin,Империализм как высшая стадия капитализма_05.txt,61,61,299,5866,44357,Q2,Империализм как высшая стадия капитализма,трактат,марксистская политэкономия,train
lenin_03_01,lenin_03,1,8,lenin,Что делать_01.txt,45,45,268,5069,37661,Q2,Что делать,трактат,марксистская политическая публицистика,train
lenin_03_02,lenin_03,2,8,lenin,Что делать_02.txt,31,31,299,5251,38560,Q2,Что делать,трактат,марксистская политическая публицистика,train
lenin_03_03,lenin_03,3,8,lenin,Что делать_03.txt,31,31,258,5220,38502,Q2,Что делать,трактат,марксистская политическая публицистика,train
lenin_03_04,lenin_03,4,8,lenin,Что делать_04.txt,22,22,231,5174,37327,Q2,Что делать,трактат,марксистская политическая публицистика,train
lenin_03_05,lenin_03,5,8,lenin,Что делать_05.txt,19,19,264,5025,37380,Q2,Что делать,трактат,марксистская политическая публицистика,train
lenin_03_06,lenin_03,6,8,lenin,Что делать_06.txt,25,25,236,5129,37099,Q2,Что делать,трактат,марксистская политическая публицистика,train
lenin_03_07,lenin_03,7,8,lenin,Что делать_07.txt,24,24,234,5205,38212,Q2,Что делать,трактат,марксистская политическая публицистика,train
lenin_03_08,lenin_03,8,8,lenin,Что делать_08.txt,43,43,336,7386,52265,Q2,Что делать,трактат,марксистская политическая публицистика,train
lenin_04_01,lenin_04,1,4,lenin,Развитие капитализма в России_01.txt,19,19,329,5105,38703,Q2,Развитие капитализма в России,трактат,марксистская политэкономия,test
lenin_04_02,lenin_04,2,4,lenin,Развитие капитализма в России_02.txt,43,43,295,5061,38551,Q2,Развитие капитализма в России,трактат,марксистская политэкономия,test
lenin_04_03,lenin_04,3,4,lenin,Развитие капитализма в России_03.txt,29,29,436,5180,37845,Q2,Развитие капитализма в России,трактат,марксистская политэкономия,test
lenin_04_04,lenin_04,4,4,lenin,Развитие капитализма в России_04.txt,35,35,408,5892,44469,Q2,Развитие капитализма в России,трактат,марксистская политэкономия,test
stalin_01_01,stalin_01,1,3,stalin,Марксизм и национальный вопрос_01.txt,130,130,342,5077,36789,Q2,Марксизм и национальный вопрос,статья,марксистская политическая теория,train
stalin_01_02,stalin_01,2,3,stalin,Марксизм и национальный вопрос_02.txt,140,140,403,5014,37655,Q2,Марксизм и национальный вопрос,статья,марксистская политическая теория,train
stalin_01_03,stalin_01,3,3,stalin,Марксизм и национальный вопрос_03.txt,112,112,306,4089,30668,Q2,Марксизм и национальный вопрос,статья,марксистская политическая теория,train
stalin_02_01,stalin_02,1,5,stalin,Об основах ленинизма_01.txt,103,103,255,5069,37666,Q2,Об основах ленинизма,лекции,марксистская политическая теория,train
stalin_02_02,stalin_02,2,5,stalin,Об основах ленинизма_02.txt,97,97,205,5066,38975,Q2,Об основах ленинизма,лекции,марксистская политическая теория,train
stalin_02_03,stalin_02,3,5,stalin,Об основах ленинизма_03.txt,92,92,238,5008,38317,Q2,Об основах ленинизма,лекции,марксистская политическая теория,train
stalin_02_04,stalin_02,4,5,stalin,Об основах ленинизма_04.txt,108,108,237,5093,38660,Q2,Об основах ленинизма,лекции,марксистская политическая теория,train
stalin_02_05,stalin_02,5,5,stalin,Об основах ленинизма_05.txt,67,67,198,4001,29915,Q2,Об основах ленинизма,лекции,марксистская политическая теория,train
stalin_03_01,stalin_03,1,2,stalin,Экономические проблемы социализма в СССР_01.txt,78,78,225,5068,38161,Q2,Экономические проблемы социализма в СССР,трактат,марксистская экономическая теория,test
stalin_03_02,stalin_03,2,2,stalin,Экономические проблемы социализма в СССР_02.txt,88,88,267,5015,37671,Q2,Экономические проблемы социализма в СССР,трактат,марксистская экономическая теория,test
ilyin_01_01,ilyin_01,1,11,ilyin,О сопротивлении злу силою_01.txt,39,39,204,5077,36658,Q3,О сопротивлении злу силою,трактат,консервативная философия права и государства,train
ilyin_01_02,ilyin_01,2,11,ilyin,О сопротивлении злу силою_02.txt,35,35,184,5083,37096,Q3,О сопротивлении злу силою,трактат,консервативная философия права и государства,train
ilyin_01_03,ilyin_01,3,11,ilyin,О сопротивлении злу силою_03.txt,41,41,182,5014,35222,Q3,О сопротивлении злу силою,трактат,консервативная философия права и государства,train
ilyin_01_04,ilyin_01,4,11,ilyin,О сопротивлении злу силою_04.txt,31,31,202,5059,36724,Q3,О сопротивлении злу силою,трактат,консервативная философия права и государства,train
ilyin_01_05,ilyin_01,5,11,ilyin,О сопротивлении злу силою_05.txt,33,33,199,5151,35345,Q3,О сопротивлении злу силою,трактат,консервативная философия права и государства,train
ilyin_01_06,ilyin_01,6,11,ilyin,О сопротивлении злу силою_06.txt,36,36,197,5195,35907,Q3,О сопротивлении злу силою,трактат,консервативная философия права и государства,train
ilyin_01_07,ilyin_01,7,11,ilyin,О сопротивлении злу силою_07.txt,40,40,196,5013,34021,Q3,О сопротивлении злу силою,трактат,консервативная философия права и государства,train
ilyin_01_08,ilyin_01,8,11,ilyin,О сопротивлении злу силою_08.txt,32,32,179,5087,35266,Q3,О сопротивлении злу силою,трактат,консервативная философия права и государства,train
ilyin_01_09,ilyin_01,9,11,ilyin,О сопротивлении злу силою_09.txt,36,36,185,5161,36093,Q3,О сопротивлении злу силою,трактат,консервативная философия права и государства,train
ilyin_01_10,ilyin_01,10,11,ilyin,О сопротивлении злу силою_10.txt,40,40,189,5054,35100,Q3,О сопротивлении злу силою,трактат,консервативная философия права и государства,train
ilyin_01_11,ilyin_01,11,11,ilyin,О сопротивлении злу силою_11.txt,29,29,128,3727,25212,Q3,О сопротивлении злу силою,трактат,консервативная философия права и государства,train
ilyin_02_01,ilyin_02,1,1,ilyin,О сущности правосознания_01.txt,18,18,96,2420,18033,Q3,О сущности правосознания,трактат,консервативная философия права,test
pobedonostsev_01_01,pobedonostsev_01,1,12,pobedonostsev,Московский сборник_01.txt,35,35,229,5059,36066,Q3,Московский сборник,сборник статей,консервативная политическая публицистика,train
pobedonostsev_01_02,pobedonostsev_01,2,12,pobedonostsev,Московский сборник_02.txt,32,32,225,5107,37076,Q3,Московский сборник,сборник статей,консервативная политическая публицистика,train
pobedonostsev_01_03,pobedonostsev_01,3,12,pobedonostsev,Московский сборник_03.txt,31,31,217,5077,36786,Q3,Московский сборник,сборник статей,консервативная политическая публицистика,train
pobedonostsev_01_04,pobedonostsev_01,4,12,pobedonostsev,Московский сборник_04.txt,35,35,204,5002,35538,Q3,Московский сборник,сборник статей,консервативная политическая публицистика,train
pobedonostsev_01_05,pobedonostsev_01,5,12,pobedonostsev,Московский сборник_05.txt,27,27,207,5049,35043,Q3,Московский сборник,сборник статей,консервативная политическая публицистика,train
pobedonostsev_01_06,pobedonostsev_01,6,12,pobedonostsev,Московский сборник_06.txt,29,29,169,5022,33989,Q3,Московский сборник,сборник статей,консервативная политическая публицистика,train
pobedonostsev_01_07,pobedonostsev_01,7,12,pobedonostsev,Московский сборник_07.txt,44,44,225,5036,34020,Q3,Московский сборник,сборник статей,консервативная политическая публицистика,train
pobedonostsev_01_08,pobedonostsev_01,8,12,pobedonostsev,Московский сборник_08.txt,30,30,237,5139,35316,Q3,Московский сборник,сборник статей,консервативная политическая публицистика,train
pobedonostsev_01_09,pobedonostsev_01,9,12,pobedonostsev,Московский сборник_09.txt,37,37,216,5204,35237,Q3,Московский сборник,сборник статей,консервативная политическая публицистика,train
pobedonostsev_01_10,pobedonostsev_01,10,12,pobedonostsev,Московский сборник_10.txt,27,27,214,5214,35259,Q3,Московский сборник,сборник статей,консервативная политическая публицистика,train
pobedonostsev_01_11,pobedonostsev_01,11,12,pobedonostsev,Московский сборник_11.txt,48,48,213,5074,35557,Q3,Московский сборник,сборник статей,консервативная политическая публицистика,train
pobedonostsev_01_12,pobedonostsev_01,12,12,pobedonostsev,Московский сборник_12.txt,43,43,332,7731,56207,Q3,Московский сборник,сборник статей,консервативная политическая публицистика,train
tikhomirov_01_01,tikhomirov_01,1,14,tikhomirov,Монархическая государственность_01.txt,104,104,307,5015,37793,Q3,Монархическая государственность,трактат,монархическая политическая теория,train
tikhomirov_01_02,tikhomirov_01,2,14,tikhomirov,Монархическая государственность_02.txt,89,89,271,5064,37794,Q3,Монархическая государственность,трактат,монархическая политическая теория,train
tikhomirov_01_03,tikhomirov_01,3,14,tikhomirov,Монархическая государственность_03.txt,97,97,301,5046,35843,Q3,Монархическая государственность,трактат,монархическая политическая теория,train
tikhomirov_01_04,tikhomirov_01,4,14,tikhomirov,Монархическая государственность_04.txt,103,103,295,5066,37365,Q3,Монархическая государственность,трактат,монархическая политическая теория,train
tikhomirov_01_05,tikhomirov_01,5,14,tikhomirov,Монархическая государственность_05.txt,94,94,291,5051,37205,Q3,Монархическая государственность,трактат,монархическая политическая теория,train
tikhomirov_01_06,tikhomirov_01,6,14,tikhomirov,Монархическая государственность_06.txt,91,91,276,5028,38255,Q3,Монархическая государственность,трактат,монархическая политическая теория,train
tikhomirov_01_07,tikhomirov_01,7,14,tikhomirov,Монархическая государственность_07.txt,86,86,264,5008,37515,Q3,Монархическая государственность,трактат,монархическая политическая теория,train
tikhomirov_01_08,tikhomirov_01,8,14,tikhomirov,Монархическая государственность_08.txt,94,94,282,5035,38396,Q3,Монархическая государственность,трактат,монархическая политическая теория,train
tikhomirov_01_09,tikhomirov_01,9,14,tikhomirov,Монархическая государственность_09.txt,92,92,284,5022,37985,Q3,Монархическая государственность,трактат,монархическая политическая теория,train
tikhomirov_01_10,tikhomirov_01,10,14,tikhomirov,Монархическая государственность_10.txt,87,87,241,5100,38583,Q3,Монархическая государственность,трактат,монархическая политическая теория,train
tikhomirov_01_11,tikhomirov_01,11,14,tikhomirov,Монархическая государственность_11.txt,91,91,269,5046,37446,Q3,Монархическая государственность,трактат,монархическая политическая теория,train
tikhomirov_01_12,tikhomirov_01,12,14,tikhomirov,Монархическая государственность_12.txt,72,72,261,5049,37383,Q3,Монархическая государственность,трактат,монархическая политическая теория,train
tikhomirov_01_13,tikhomirov_01,13,14,tikhomirov,Монархическая государственность_13.txt,83,83,249,5004,38398,Q3,Монархическая государственность,трактат,монархическая политическая теория,train
tikhomirov_01_14,tikhomirov_01,14,14,tikhomirov,Монархическая государственность_14.txt,82,82,285,5053,38595,Q3,Монархическая государственность,трактат,монархическая политическая теория,train
tikhomirov_02_01,tikhomirov_02,1,3,tikhomirov,Статьи_01.txt,83,83,256,5057,37820,Q3,Статьи,сборник статей,консервативная политическая публицистика,test
tikhomirov_02_02,tikhomirov_02,2,3,tikhomirov,Статьи_02.txt,59,59,231,5006,35055,Q3,Статьи,сборник статей,консервативная политическая публицистика,test
tikhomirov_02_03,tikhomirov_02,3,3,tikhomirov,Статьи_03.txt,92,92,340,5614,38816,Q3,Статьи,сборник статей,консервативная политическая публицистика,test
chicherin_01_01,chicherin_01,1,13,chicherin,Собственность и государство Право_01.txt,36,36,267,5137,37140,Q4,Собственность и государство Право,трактат,либеральная философия права,test
chicherin_01_02,chicherin_01,2,13,chicherin,Собственность и государство Право_02.txt,38,38,295,5031,36876,Q4,Собственность и государство Право,трактат,либеральная философия права,test
chicherin_01_03,chicherin_01,3,13,chicherin,Собственность и государство Право_03.txt,30,30,273,5017,35845,Q4,Собственность и государство Право,трактат,либеральная философия права,test
chicherin_01_04,chicherin_01,4,13,chicherin,Собственность и государство Право_04.txt,26,26,262,5236,38208,Q4,Собственность и государство Право,трактат,либеральная философия права,test
chicherin_01_05,chicherin_01,5,13,chicherin,Собственность и государство Право_05.txt,32,32,269,5005,37184,Q4,Собственность и государство Право,трактат,либеральная философия права,test
chicherin_01_06,chicherin_01,6,13,chicherin,Собственность и государство Право_06.txt,28,28,269,5212,37045,Q4,Собственность и государство Право,трактат,либеральная философия права,test
chicherin_01_07,chicherin_01,7,13,chicherin,Собственность и государство Право_07.txt,31,31,298,5535,38853,Q4,Собственность и государство Право,трактат,либеральная философия права,test
chicherin_01_08,chicherin_01,8,13,chicherin,Собственность и государство Право_08.txt,33,33,241,5083,37202,Q4,Собственность и государство Право,трактат,либеральная философия права,test
chicherin_01_09,chicherin_01,9,13,chicherin,Собственность и государство Право_09.txt,36,36,282,5020,36854,Q4,Собственность и государство Право,трактат,либеральная философия права,test
chicherin_01_10,chicherin_01,10,13,chicherin,Собственность и государство Право_10.txt,34,34,280,5104,36386,Q4,Собственность и государство Право,трактат,либеральная философия права,test
chicherin_01_11,chicherin_01,11,13,chicherin,Собственность и государство Право_11.txt,42,42,288,5082,37718,Q4,Собственность и государство Право,трактат,либеральная философия права,test
chicherin_01_12,chicherin_01,12,13,chicherin,Собственность и государство Право_12.txt,37,37,287,5120,37597,Q4,Собственность и государство Право,трактат,либеральная философия права,test
chicherin_01_13,chicherin_01,13,13,chicherin,Собственность и государство Право_13.txt,44,44,412,7524,55356,Q4,Собственность и государство Право,трактат,либеральная философия права,test
chicherin_02_01,chicherin_02,1,20,chicherin,Собственность и государство Промышленность_01.txt,35,35,278,5301,39544,Q4,Собственность и государство Промышленность,трактат,либеральная философия права,train
chicherin_02_02,chicherin_02,2,20,chicherin,Собственность и государство Промышленность_02.txt,29,29,226,5097,38053,Q4,Собственность и государство Промышленность,трактат,либеральная философия права,train
chicherin_02_03,chicherin_02,3,20,chicherin,Собственность и государство Промышленность_03.txt,28,28,248,5027,37235,Q4,Собственность и государство Промышленность,трактат,либеральная философия права,train
chicherin_02_04,chicherin_02,4,20,chicherin,Собственность и государство Промышленность_04.txt,37,37,270,5037,37640,Q4,Собственность и государство Промышленность,трактат,либеральная философия права,train
chicherin_02_05,chicherin_02,5,20,chicherin,Собственность и государство Промышленность_05.txt,33,33,268,5086,36879,Q4,Собственность и государство Промышленность,трактат,либеральная философия права,train
chicherin_02_06,chicherin_02,6,20,chicherin,Собственность и государство Промышленность_06.txt,35,35,286,5281,38949,Q4,Собственность и государство Промышленность,трактат,либеральная философия права,train
chicherin_02_07,chicherin_02,7,20,chicherin,Собственность и государство Промышленность_07.txt,34,34,267,5000,37228,Q4,Собственность и государство Промышленность,трактат,либеральная философия права,train
chicherin_02_08,chicherin_02,8,20,chicherin,Собственность и государство Промышленность_08.txt,30,30,271,5002,37184,Q4,Собственность и государство Промышленность,трактат,либеральная философия права,train
chicherin_02_09,chicherin_02,9,20,chicherin,Собственность и государство Промышленность_09.txt,38,38,254,5033,36398,Q4,Собственность и государство Промышленность,трактат,либеральная философия права,train
chicherin_02_10,chicherin_02,10,20,chicherin,Собственность и государство Промышленность_10.txt,32,32,275,5116,37248,Q4,Собственность и государство Промышленность,трактат,либеральная философия права,train
chicherin_02_11,chicherin_02,11,20,chicherin,Собственность и государство Промышленность_11.txt,33,33,244,5033,37016,Q4,Собственность и государство Промышленность,трактат,либеральная философия права,train
chicherin_02_12,chicherin_02,12,20,chicherin,Собственность и государство Промышленность_12.txt,44,44,276,5094,36988,Q4,Собственность и государство Промышленность,трактат,либеральная философия права,train
chicherin_02_13,chicherin_02,13,20,chicherin,Собственность и государство Промышленность_13.txt,33,33,249,5134,38521,Q4,Собственность и государство Промышленность,трактат,либеральная философия права,train
chicherin_02_14,chicherin_02,14,20,chicherin,Собственность и государство Промышленность_14.txt,38,38,273,5091,37822,Q4,Собственность и государство Промышленность,трактат,либеральная философия права,train
chicherin_02_15,chicherin_02,15,20,chicherin,Собственность и государство Промышленность_15.txt,29,29,257,5010,35461,Q4,Собственность и государство Промышленность,трактат,либеральная философия права,train
chicherin_02_16,chicherin_02,16,20,chicherin,Собственность и государство Промышленность_16.txt,38,38,257,5025,36888,Q4,Собственность и государство Промышленность,трактат,либеральная философия права,train
chicherin_02_17,chicherin_02,17,20,chicherin,Собственность и государство Промышленность_17.txt,32,32,270,5002,37196,Q4,Собственность и государство Промышленность,трактат,либеральная философия права,train
chicherin_02_18,chicherin_02,18,20,chicherin,Собственность и государство Промышленность_18.txt,31,31,252,5094,36372,Q4,Собственность и государство Промышленность,трактат,либеральная философия права,train
chicherin_02_19,chicherin_02,19,20,chicherin,Собственность и государство Промышленность_19.txt,30,30,282,5062,36743,Q4,Собственность и государство Промышленность,трактат,либеральная философия права,train
chicherin_02_20,chicherin_02,20,20,chicherin,Собственность и государство Промышленность_20.txt,20,20,175,3209,23770,Q4,Собственность и государство Промышленность,трактат,либеральная философия права,train
novgorodtsev_01_01,novgorodtsev_01,1,17,novgorodtsev,Об общественном идеале_01.txt,36,36,216,5058,36939,Q4,Об общественном идеале,трактат,либеральная философия права,train
novgorodtsev_01_02,novgorodtsev_01,2,17,novgorodtsev,Об общественном идеале_02.txt,24,24,242,5302,39748,Q4,Об общественном идеале,трактат,либеральная философия права,train
novgorodtsev_01_03,novgorodtsev_01,3,17,novgorodtsev,Об общественном идеале_03.txt,29,29,240,5092,37503,Q4,Об общественном идеале,трактат,либеральная философия права,train
novgorodtsev_01_04,novgorodtsev_01,4,17,novgorodtsev,Об общественном идеале_04.txt,30,30,211,5096,37739,Q4,Об общественном идеале,трактат,либеральная философия права,train
novgorodtsev_01_05,novgorodtsev_01,5,17,novgorodtsev,Об общественном идеале_05.txt,27,27,240,5019,36376,Q4,Об общественном идеале,трактат,либеральная философия права,train
novgorodtsev_01_06,novgorodtsev_01,6,17,novgorodtsev,Об общественном идеале_06.txt,32,32,274,5098,35169,Q4,Об общественном идеале,трактат,либеральная философия права,train
novgorodtsev_01_07,novgorodtsev_01,7,17,novgorodtsev,Об общественном идеале_07.txt,24,24,235,5244,39210,Q4,Об общественном идеале,трактат,либеральная философия права,train
novgorodtsev_01_08,novgorodtsev_01,8,17,novgorodtsev,Об общественном идеале_08.txt,27,27,223,5073,37104,Q4,Об общественном идеале,трактат,либеральная философия права,train
novgorodtsev_01_09,novgorodtsev_01,9,17,novgorodtsev,Об общественном идеале_09.txt,28,28,244,5313,39803,Q4,Об общественном идеале,трактат,либеральная философия права,train
novgorodtsev_01_10,novgorodtsev_01,10,17,novgorodtsev,Об общественном идеале_10.txt,33,33,239,5071,37923,Q4,Об общественном идеале,трактат,либеральная философия права,train
novgorodtsev_01_11,novgorodtsev_01,11,17,novgorodtsev,Об общественном идеале_11.txt,25,25,264,5291,40713,Q4,Об общественном идеале,трактат,либеральная философия права,train
novgorodtsev_01_12,novgorodtsev_01,12,17,novgorodtsev,Об общественном идеале_12.txt,22,22,219,5132,39746,Q4,Об общественном идеале,трактат,либеральная философия права,train
novgorodtsev_01_13,novgorodtsev_01,13,17,novgorodtsev,Об общественном идеале_13.txt,21,21,212,5065,38630,Q4,Об общественном идеале,трактат,либеральная философия права,train
novgorodtsev_01_14,novgorodtsev_01,14,17,novgorodtsev,Об общественном идеале_14.txt,20,20,212,5100,38764,Q4,Об общественном идеале,трактат,либеральная философия права,train
novgorodtsev_01_15,novgorodtsev_01,15,17,novgorodtsev,Об общественном идеале_15.txt,32,32,257,5438,40973,Q4,Об общественном идеале,трактат,либеральная философия права,train
novgorodtsev_01_16,novgorodtsev_01,16,17,novgorodtsev,Об общественном идеале_16.txt,20,20,216,5266,39546,Q4,Об общественном идеале,трактат,либеральная философия права,train
novgorodtsev_01_17,novgorodtsev_01,17,17,novgorodtsev,Об общественном идеале_17.txt,30,30,309,7080,52912,Q4,Об общественном идеале,трактат,либеральная философия права,train
novgorodtsev_02_01,novgorodtsev_02,1,2,novgorodtsev,Учение Канта о праве и государстве_01.txt,35,35,268,5075,36524,Q4,Учение Канта о праве и государстве,философский трактат,либеральная философия права,test
novgorodtsev_02_02,novgorodtsev_02,2,2,novgorodtsev,Учение Канта о праве и государстве_02.txt,31,31,300,5473,40138,Q4,Учение Канта о праве и государстве,философский трактат,либеральная философия права,test
struve_01_01,struve_01,1,1,struve,В чём революция и контр-революция_01.txt,12,12,53,1292,9371,Q4,В чём революция и контр-революция,статья,либеральная политическая публицистика,train
struve_02_01,struve_02,1,1,struve,Великая Россия и Святая Русь_01.txt,23,23,85,1384,9887,Q4,Великая Россия и Святая Русь,статья,либерально-консервативная политическая публицистика,test
struve_03_01,struve_03,1,1,struve,Еще о национальном начале в либерализме_01.txt,26,26,93,1554,11061,Q4,Еще о национальном начале в либерализме,статья,либеральная политическая публицистика,train
struve_04_01,struve_04,1,1,struve,К украинскому вопросу_01.txt,8,8,42,905,6784,Q4,К украинскому вопросу,статья,либеральная политическая публицистика,test
struve_07_01,struve_07,1,1,struve,Чему война учит и к чему она обязывает_01.txt,17,17,41,648,4020,Q4,Чему война учит и к чему она обязывает,статья,политическая публицистика,train
struve_08_01,struve_08,1,1,struve,Что же такое Россия_01.txt,16,16,57,1174,8277,Q4,Что же такое Россия,статья,либеральная политическая публицистика,train
